ProductName,ReviewText
Queen Size Sheet Set,"I ordered a king size set. My only criticism was the sheets could be a bit softer, but overall excellent quality and fit."
Waterproof Phone Pouch,"I loved the waterproof sac, although the opening is a bit tricky at first. It saved my phone from water multiple times."
Luxury Air Mattress,"This mattress had a small hole in the top of it when it arrived, but customer service quickly resolved it with a replacement. Very comfortable!"
Pillows Insert,"This is the best throw pillow filler I have found on Amazon. Fluffy yet supportive and holds its shape well after washing."
Milk Frother Handheld,"I loved this product. But they only seem to last about a year before the motor gives out. Great while it works though!"
Bluetooth Earbuds,"Amazing sound quality for the price. A bit uncomfortable for long use, but noise cancellation is impressive."
Electric Kettle,"Boils water quickly and automatically shuts off. Design is sleek and easy to clean. Wish it had temperature control."
Yoga Mat,"Non-slip and thick enough for comfort during poses. Smells slightly off-gassing in the beginning but fades quickly."
Smartwatch Band,"Fits perfectly and the clasp is very secure. Available in many colors which is nice for matching different outfits."
Portable Charger,"Charges my phone multiple times on a single charge and is compact enough to fit in any bag. A must-have for travel!"
